Workbook

Sheet Revision History
A2: Halo Microelectronics Co., Ltd. HL-TE-B10-R02 V05
A3: Version | B3: PGM_NAME | C3: Release Date | D3: Author | E3: Description of Modification
A4: V01 | B4: HL5083CP00_203KM_A00_V01 | C4: 46026 | D4: Hongen.liu | E4: Change for BC Version. add SNK_RCP_trim/SBU_leakage/SBU_Clapm/SBU_Ron test.
A5: V02 | B5: HL5083CP00_203KM_A00_V02 | C5: 46029 | D5: Hongen.liu | E5: add RCP_trim in code
A6: V03 | B6: HL5083CP00_203KM_A00_V03 | C6: 46038 | D6: Hongen.liu | E6: modify the limits after 16pcsw wafer. and remove the 0.4V_SBU_Ron test.
A7: V04 | B7: HL5083CP00_204KM_A00_V04 | C7: 46041 | D7: Hongen.liu | E7: add RCP trim_table for BD version
A8: V05 | B8: HL5083CP00_204KM_A00_V05 | C8: 46107 | D8: Hongen.liu | E8: modify LDO trim target to 3.15V and update limits.
A9: V06 | B9: HL5083CP00_204KM_A00_V06 | C9: 46139 | D9: Hongen.liu | E9: add the SRC_Sat trim in code and do TTR

Sheet Datasheet vs Test Item
A1: Halo Microelectronics Co., Ltd. HL-TE-B10-R02 V05
A2: HL5083A-BD Datasheet vs Test Item Coverage
A3: Datasheet | H3: ATE Test Spec
A4: Symbol | B4: Parameter | C4: Condition | D4: Min | E4: Typ | F4: Max | G4: Unit | H4: Coveraged? | I4: Symbol | J4: Min | K4: Max | L4: Unit | M4: Remark
A5: Power Supplies
A6: IQ_STBY_VIN3V3 | B6: Quiescent Current for VIN_3V3 at Stand-by mode with I2C active | C6: Device in the delink mode where VIN_3V3=3.3V, VBUS_P0=VBUS_P1=0V, LDO3V3=OFF, all CC1/2_P0/1 switches stay on, all the other switches stay off, I2C active, all the others are set to default, the internal switch in ideal diode mode | E6: 85 | F6: 110 | G6: µA | H6: Y | I6: IQ_STBY_VIN3V3 | J6: =IF(I6<>"",VLOOKUP(I6,'Test Item'!C:H,2,0),"") -> 60 | K6: =IF(I6<>"",VLOOKUP(I6,'Test Item'!C:H,3,0),"") -> 95 | L6: =IF(I6<>"",VLOOKUP(I6,'Test Item'!C:H,4,0),"") -> uA
A7: IQ_SNK_VIN3V3 | B7: Quiescent Current for VIN_3V3 in sink mode enabled | C7: VBUS_P0 or P1=5V, VIN_3V3=3.3V, one SNK_CTL_P0/P1=ON with the high voltage output, LDO3V3=OFF, all the other switches stay off, except for all CC1/2_P0/1 switches, all the others are set to default | E7: 185 | F7: 220 | G7: µA | H7: Y | I7: IQ_SNK_VIN3V3 | J7: =IF(I7<>"",VLOOKUP(I7,'Test Item'!C:H,2,0),"") -> 170 | K7: =IF(I7<>"",VLOOKUP(I7,'Test Item'!C:H,3,0),"") -> 217 | L7: =IF(I7<>"",VLOOKUP(I7,'Test Item'!C:H,4,0),"") -> uA
A8: IQ_SNK_VBUS | B8: Quiescent Current for VBUS_P0/P1 in sink mode enabled | C8: VBUS_P0 or P1=5V, VIN_3V3=3.3V, one SNK_CTL_P0/P1=ON with the high voltage output, LDO3V3=OFF, all the other switches stay off, except for all CC1/2_P0/1 switches, all the others are set to default | E8: 310 | F8: 360 | G8: µA | H8: Y | I8: IQ_SNK_VBUS_P0 | J8: =IF(I8<>"",VLOOKUP(I8,'Test Item'!C:H,2,0),"") -> 260 | K8: =IF(I8<>"",VLOOKUP(I8,'Test Item'!C:H,3,0),"") -> 355 | L8: =IF(I8<>"",VLOOKUP(I8,'Test Item'!C:H,4,0),"") -> uA
A9: IQ_SRC_VIN3V3 | B9: Quiescent Current for VIN_3V3 in source mode enabled with no load | C9: V5V=5V, VIN_3V3=3.3V, one Source SW=ON, LDO3V3=OFF, all the other switches stay off, except for all CC1/2_P0/1 switches, all the others are set to default | E9: 260 | F9: 330 | G9: µA | H9: Y | I9: IQ_SRC_VIN3V3_VBUS_P0 | J9: =IF(I9<>"",VLOOKUP(I9,'Test Item'!C:H,2,0),"") -> 225 | K9: =IF(I9<>"",VLOOKUP(I9,'Test Item'!C:H,3,0),"") -> 325 | L9: =IF(I9<>"",VLOOKUP(I9,'Test Item'!C:H,4,0),"") -> uA
A10: IQ_SRC_V5V | B10: Quiescent Current for V5V in source mode enabled | C10: V5V=5V, VIN_3V3=3.3V, one Source SW=ON, LDO3V3=OFF, all the other switches stay off, except for all CC1/2_P0/1 switches, all the others are set to default | E10: 220 | F10: 280 | G10: µA | H10: Y | I10: IQ_SRC_V5V_VBUS_P0 | J10: =IF(I10<>"",VLOOKUP(I10,'Test Item'!C:H,2,0),"") -> 190 | K10: =IF(I10<>"",VLOOKUP(I10,'Test Item'!C:H,3,0),"") -> 250 | L10: =IF(I10<>"",VLOOKUP(I10,'Test Item'!C:H,4,0),"") -> uA
A11: IQ_VCONN_V5V | B11: Quiescent Current for V5V in VCONN mode enabled | C11: V5V=5V, VIN_3V3=3.3V, one VCONN SW=ON at one Port only, LDO3V3=OFF, all the other switches stay off, except for all CC1/2_P0/1 switches, all the others are set to default | E11: 50 | F11: 65 | G11: µA | H11: Y | I11: IQ_VCONN_V5V_CC1_P0 | J11: =IF(I11<>"",VLOOKUP(I11,'Test Item'!C:H,2,0),"") -> 30 | K11: =IF(I11<>"",VLOOKUP(I11,'Test Item'!C:H,3,0),"") -> 63 | L11: =IF(I11<>"",VLOOKUP(I11,'Test Item'!C:H,4,0),"") -> uA
A12: VVIN_3V3_UVLO | B12: VIN_3V3 UVLO | C12: Rising for VIN_3V3_POK=H | D12: 2.35 | E12: 2.5 | F12: 2.65 | G12: V | H12: Y | I12: VIN3V3_UVLO_RISE | J12: =IF(I12<>"",VLOOKUP(I12,'Test Item'!C:H,2,0),"") -> 2.36 | K12: =IF(I12<>"",VLOOKUP(I12,'Test Item'!C:H,3,0),"") -> 2.64 | L12: =IF(I12<>"",VLOOKUP(I12,'Test Item'!C:H,4,0),"") -> V
A13: VVIN_3V3_UVLO_HYS | B13: VIN_3V3 UVLO Hysteresis | C13: Falling | E13: 200 | G13: mV | H13: Y | I13: VIN3V3_UVLO_HYS | J13: =IF(I13<>"",VLOOKUP(I13,'Test Item'!C:H,2,0),"") -> 0.1 | K13: =IF(I13<>"",VLOOKUP(I13,'Test Item'!C:H,3,0),"") -> 0.45 | L13: =IF(I13<>"",VLOOKUP(I13,'Test Item'!C:H,4,0),"") -> V
A14: 3.3V LDO Regulator (LDO3V3) | J14: =IF(I14<>"",VLOOKUP(I14,'Test Item'!C:H,2,0),"") | K14: =IF(I14<>"",VLOOKUP(I14,'Test Item'!C:H,3,0),"") | L14: =IF(I14<>"",VLOOKUP(I14,'Test Item'!C:H,4,0),"")
A15: VLDO3V3(NOTE2) | B15: LDO3V3 output regulation voltage | C15: VBUS_P0/P1 ≥ UVLO, ILOAD=0mA-60mA | D15: -0.03 | E15: 3.1 | F15: 0.03 | G15: V | H15: Y | I15: LDO_REG_28V_5MA | J15: =IF(I15<>"",VLOOKUP(I15,'Test Item'!C:H,2,0),"") -> 3.05 | K15: =IF(I15<>"",VLOOKUP(I15,'Test Item'!C:H,3,0),"") -> 3.19 | L15: =IF(I15<>"",VLOOKUP(I15,'Test Item'!C:H,4,0),"") -> V | M15: 按3%的话是(3.007,3.193)V
A16: ILDO3V3_MAX | B16: LDO3V3 maximum output current | C16: DC continuous | D16: 60 | G16: mA | H16: Y | I16: LDO_REG_28V_30MA | J16: =IF(I16<>"",VLOOKUP(I16,'Test Item'!C:H,2,0),"") -> 3.05 | K16: =IF(I16<>"",VLOOKUP(I16,'Test Item'!C:H,3,0),"") -> 3.19 | L16: =IF(I16<>"",VLOOKUP(I16,'Test Item'!C:H,4,0),"") -> V
A17: ILDO3V3_LIM | B17: LDO3V3 Current Limit | C17: VLDO3V3=0V | D17: 80 | G17: mA | H17: Y | I17: ILDO3V3_LIM | J17: =IF(I17<>"",VLOOKUP(I17,'Test Item'!C:H,2,0),"") -> 70 | K17: =IF(I17<>"",VLOOKUP(I17,'Test Item'!C:H,3,0),"") -> 150 | L17: =IF(I17<>"",VLOOKUP(I17,'Test Item'!C:H,4,0),"") -> mA
A18: VLDO3V3_POK | B18: LDO3V3 POK(NOTE1) | C18: Rising for LDO3V3 POK=H | D18: 2.35 | E18: 2.5 | F18: 2.65 | G18: V | H18: GBD | J18: =IF(I18<>"",VLOOKUP(I18,'Test Item'!C:H,2,0),"") | K18: =IF(I18<>"",VLOOKUP(I18,'Test Item'!C:H,3,0),"") | L18: =IF(I18<>"",VLOOKUP(I18,'Test Item'!C:H,4,0),"")
A19: VLDO3V3_POK_HYS | B19: LDO3V3 POK Hysteresis | C19: Falling | E19: 200 | G19: mV | H19: GBD | J19: =IF(I19<>"",VLOOKUP(I19,'Test Item'!C:H,2,0),"") | K19: =IF(I19<>"",VLOOKUP(I19,'Test Item'!C:H,3,0),"") | L19: =IF(I19<>"",VLOOKUP(I19,'Test Item'!C:H,4,0),"")
A20: Internal Switch (SW) between VIN_3V3 and LDO3V3 | J20: =IF(I20<>"",VLOOKUP(I20,'Test Item'!C:H,2,0),"") | K20: =IF(I20<>"",VLOOKUP(I20,'Test Item'!C:H,3,0),"") | L20: =IF(I20<>"",VLOOKUP(I20,'Test Item'!C:H,4,0),"")
A21: RDS_ON_SW | B21: Internal switch ON resistance between VIN_3V3 and LDO3V3 | C21: VIN_3V3=3.3V, ILOAD=50mA, including bonding wire resistance | E21: 1.9 | F21: 3 | G21: Ω | H21: Y | I21: INTERNAL_SW_ON_RES | J21: =IF(I21<>"",VLOOKUP(I21,'Test Item'!C:H,2,0),"") -> 1.4 | K21: =IF(I21<>"",VLOOKUP(I21,'Test Item'!C:H,3,0),"") -> 2.9 | L21: =IF(I21<>"",VLOOKUP(I21,'Test Item'!C:H,4,0),"") -> Ohm
A22: VSW_REG | B22: The switch regulation from VIN_3V3 | C22: VIN_3V3 ≥ 3.15V at 1mA & VBUS_P0/P1=0V | E22: 10 | G22: mV | H22: Y | I22: VIN3V3_REG | J22: =IF(I22<>"",VLOOKUP(I22,'Test Item'!C:H,2,0),"") -> 5 | K22: =IF(I22<>"",VLOOKUP(I22,'Test Item'!C:H,3,0),"") -> 20 | L22: =IF(I22<>"",VLOOKUP(I22,'Test Item'!C:H,4,0),"") -> mV
A23: Thermal Protection | H23: Y | J23: =IF(I23<>"",VLOOKUP(I23,'Test Item'!C:H,2,0),"") | K23: =IF(I23<>"",VLOOKUP(I23,'Test Item'!C:H,3,0),"") | L23: =IF(I23<>"",VLOOKUP(I23,'Test Item'!C:H,4,0),"") | N23: =IF(D23<>"",J23-D23,"") | O23: =IF(F23<>"",F23-K23,"")
A24: TSHDN(NOTE1) | B24: Thermal Shutdown | C24: Rising to disable all the switches (SNK_CTL_P0/P1 output, Source, VCONN, CC & SBU SW) or & LDO3V3 regulator | E24: 135 | G24: °C | H24: Y | I24: THSD0_RISE | J24: =IF(I24<>"",VLOOKUP(I24,'Test Item'!C:H,2,0),"") -> 500 | K24: =IF(I24<>"",VLOOKUP(I24,'Test Item'!C:H,3,0),"") -> 540 | L24: =IF(I24<>"",VLOOKUP(I24,'Test Item'!C:H,4,0),"") -> mV | M24: 测了THSD的对应的二极管电压 | N24: =IF(D24<>"",J24-D24,"") | O24: =IF(F24<>"",F24-K24,"")
C25: (except for the internal SW between VIN_3V3 and LDO3V3) | J25: =IF(I25<>"",VLOOKUP(I25,'Test Item'!C:H,2,0),"") | K25: =IF(I25<>"",VLOOKUP(I25,'Test Item'!C:H,3,0),"") | L25: =IF(I25<>"",VLOOKUP(I25,'Test Item'!C:H,4,0),"")
A26: Logic Output (INTB) | H26: Y | J26: =IF(I26<>"",VLOOKUP(I26,'Test Item'!C:H,2,0),"") | K26: =IF(I26<>"",VLOOKUP(I26,'Test Item'!C:H,3,0),"") | L26: =IF(I26<>"",VLOOKUP(I26,'Test Item'!C:H,4,0),"")
A27: VOL | B27: Output Logic Low voltage | C27: IOL=1mA | F27: 0.4 | G27: V | H27: Y | I27: VOL_INTB_1MA | J27: =IF(I27<>"",VLOOKUP(I27,'Test Item'!C:H,2,0),"") -> -0.1 | K27: =IF(I27<>"",VLOOKUP(I27,'Test Item'!C:H,3,0),"") -> 0.1 | L27: =IF(I27<>"",VLOOKUP(I27,'Test Item'!C:H,4,0),"") -> V
A28: RPULLUP_INTB | B28: Internal pull-up resistance | C28: Pull-up to LDO3V3 | E28: 10 | F28: 20 | G28: kΩ | H28: Y | I28: RPULLUP_INTB | J28: =IF(I28<>"",VLOOKUP(I28,'Test Item'!C:H,2,0),"") -> 8 | K28: =IF(I28<>"",VLOOKUP(I28,'Test Item'!C:H,3,0),"") -> 12 | L28: =IF(I28<>"",VLOOKUP(I28,'Test Item'!C:H,4,0),"") -> kOhm
A29: Logic Inputs (FRS_EN_P0, FRS_EN_P1) | H29: Y | J29: =IF(I29<>"",VLOOKUP(I29,'Test Item'!C:H,2,0),"") | K29: =IF(I29<>"",VLOOKUP(I29,'Test Item'!C:H,3,0),"") | L29: =IF(I29<>"",VLOOKUP(I29,'Test Item'!C:H,4,0),"")
A30: VIH | B30: Logic input high threshold | D30: 1.2 | G30: V | H30: Y | I30: VIH_FRS_EN_P0 | J30: =IF(I30<>"",VLOOKUP(I30,'Test Item'!C:H,2,0),"") -> 0.8 | K30: =IF(I30<>"",VLOOKUP(I30,'Test Item'!C:H,3,0),"") -> 1 | L30: =IF(I30<>"",VLOOKUP(I30,'Test Item'!C:H,4,0),"") -> V
A31: VIL | B31: Logic input low threshold | F31: 0.4 | G31: V | H31: Y | I31: VIL_FRS_EN_P0 | J31: =IF(I31<>"",VLOOKUP(I31,'Test Item'!C:H,2,0),"") -> 0.5 | K31: =IF(I31<>"",VLOOKUP(I31,'Test Item'!C:H,3,0),"") -> 0.8 | L31: =IF(I31<>"",VLOOKUP(I31,'Test Item'!C:H,4,0),"") -> V
A32: ILK | B32: Leakage Current | C32: Pull up to LDO3V3 | E32: 3.3 | F32: 5 | G32: µA | H32: Y | I32: ILK_FRS_EN_P0 | J32: =IF(I32<>"",VLOOKUP(I32,'Test Item'!C:H,2,0),"") -> 2 | K32: =IF(I32<>"",VLOOKUP(I32,'Test Item'!C:H,3,0),"") -> 4.8 | L32: =IF(I32<>"",VLOOKUP(I32,'Test Item'!C:H,4,0),"") -> uA
A33: RPD | B33: Pulldown resistance | C33: On each pin | E33: 1 | G33: MΩ | H33: Y | I33: RPD_FRS_EN_P0 | J33: =IF(I33<>"",VLOOKUP(I33,'Test Item'!C:H,2,0),"") -> 0.7 | K33: =IF(I33<>"",VLOOKUP(I33,'Test Item'!C:H,3,0),"") -> 1.3 | L33: =IF(I33<>"",VLOOKUP(I33,'Test Item'!C:H,4,0),"") -> M
A34: High or Low Voltage Output on SNK_CTL_P0 and SNK_CTL_P1 | J34: =IF(I34<>"",VLOOKUP(I34,'Test Item'!C:H,2,0),"") | K34: =IF(I34<>"",VLOOKUP(I34,'Test Item'!C:H,3,0),"") | L34: =IF(I34<>"",VLOOKUP(I34,'Test Item'!C:H,4,0),"")
A35: VSNK_CTL_P0_P1 | B35: High voltage output range | C35: SNK_CTL_GDRV_P0/P1=1b (high voltage output) in SNK_CTL_EN_P0/P1=1b | D35: 6 | E35: 8 | G35: V | H35: Y | I35: V_SNK_CTL_P0 | J35: =IF(I35<>"",VLOOKUP(I35,'Test Item'!C:H,2,0),"") -> 35 | K35: =IF(I35<>"",VLOOKUP(I35,'Test Item'!C:H,3,0),"") -> 39.8 | L35: =IF(I35<>"",VLOOKUP(I35,'Test Item'!C:H,4,0),"") -> V | M35: 测的是VBUS=28V下的SNK_CTL电压
A36: ISNK_CTL_P0_1 | B36: Sourcing current in high voltage output | C36: SNK_CTL_GDRV_P0/P1=1b (high voltage output) at VBUS_P0/1=5V | E36: 10 | F36: 20 | G36: µA | H36: Y | I36: I_SNK_CTL_P0_H | J36: =IF(I36<>"",VLOOKUP(I36,'Test Item'!C:H,2,0),"") -> 8 | K36: =IF(I36<>"",VLOOKUP(I36,'Test Item'!C:H,3,0),"") -> 18 | L36: =IF(I36<>"",VLOOKUP(I36,'Test Item'!C:H,4,0),"") -> uA
A37: ISNK_CTL_P0_1 | B37: Sourcing current in low voltage output | C37: SNK_CTL_GDRV_P0/P1=0b (low voltage output) | D37: 80 | E37: 100 | G37: µA | H37: Y | I37: VOL_SNK_CTL_P1_100UA | J37: =IF(I37<>"",VLOOKUP(I37,'Test Item'!C:H,2,0),"") -> -0.05 | K37: =IF(I37<>"",VLOOKUP(I37,'Test Item'!C:H,3,0),"") -> 0.05 | L37: =IF(I37<>"",VLOOKUP(I37,'Test Item'!C:H,4,0),"") -> V | M37: 测其在100uA下的电压。显示为低即可
A38: tSNK_CTL_RAMP | B38: SNK_CTL_P0/P1 Ramp Up Time in high voltage output | C38: Programmable, Cg=4nF, VBUS_P0/P1=5V, time from 10% to 90% of SNK_CTL_P0/P1 set to SNK_CTL_GDRV_P0=1b (high voltage output), only effective for an initial startup, 1.75V/ms default | E38: 1.75 | G38: V/ms | H38: GBD | J38: =IF(I38<>"",VLOOKUP(I38,'Test Item'!C:H,2,0),"") | K38: =IF(I38<>"",VLOOKUP(I38,'Test Item'!C:H,3,0),"") | L38: =IF(I38<>"",VLOOKUP(I38,'Test Item'!C:H,4,0),"")
E39: 1.350.93 | H39: GBD | J39: =IF(I39<>"",VLOOKUP(I39,'Test Item'!C:H,2,0),"") | K39: =IF(I39<>"",VLOOKUP(I39,'Test Item'!C:H,3,0),"") | L39: =IF(I39<>"",VLOOKUP(I39,'Test Item'!C:H,4,0),"") | N39: =IF(D39<>"",J39-D39,"")
E40: 0.5 | H40: GBD | J40: =IF(I40<>"",VLOOKUP(I40,'Test Item'!C:H,2,0),"") | K40: =IF(I40<>"",VLOOKUP(I40,'Test Item'!C:H,3,0),"") | L40: =IF(I40<>"",VLOOKUP(I40,'Test Item'!C:H,4,0),"") | N40: =IF(D40<>"",J40-D40,"")
A41: tOFF_CTL_DIS | B41: SNK_CTL_P0/P1 OFF Time (NOTE1) | C41: From SNK_CTL_P0/P1=OFF by SNK_CTL_EN_P0/P1=0b or VBUS_UVLO detected to turn off or | E41: 2 | F41: 4 | G41: µs | H41: GBD | J41: =IF(I41<>"",VLOOKUP(I41,'Test Item'!C:H,2,0),"") | K41: =IF(I41<>"",VLOOKUP(I41,'Test Item'!C:H,3,0),"") | L41: =IF(I41<>"",VLOOKUP(I41,'Test Item'!C:H,4,0),"")
C42: PA/PB_20V5A_OFF=L-to-H | H42: GBD | J42: =IF(I42<>"",VLOOKUP(I42,'Test Item'!C:H,2,0),"") | K42: =IF(I42<>"",VLOOKUP(I42,'Test Item'!C:H,3,0),"") | L42: =IF(I42<>"",VLOOKUP(I42,'Test Item'!C:H,4,0),"")
A43: GPIO on VBUS_OUT_SNS_P0 and VBUS_OUT_SNS_P1 | J43: =IF(I43<>"",VLOOKUP(I43,'Test Item'!C:H,2,0),"") | K43: =IF(I43<>"",VLOOKUP(I43,'Test Item'!C:H,3,0),"") | L43: =IF(I43<>"",VLOOKUP(I43,'Test Item'!C:H,4,0),"")
A44: VOH | B44: High-level output voltage | C44: IOH=0.1mA | D44: LDO3V3/ VDDIO – 0.1 | G44: V | H44: Y | I44: VOH_VBUS_OUT_SNS_P0_LDO | J44: =IF(I44<>"",VLOOKUP(I44,'Test Item'!C:H,2,0),"") -> 3.21 | K44: =IF(I44<>"",VLOOKUP(I44,'Test Item'!C:H,3,0),"") -> 3.3 | L44: =IF(I44<>"",VLOOKUP(I44,'Test Item'!C:H,4,0),"") -> V
A45: VOL | B45: Low-level output voltage | C45: IOL=0.1mA | F45: 0.1 | G45: V | H45: Y | I45: VOL_INTB_1MA | J45: =IF(I45<>"",VLOOKUP(I45,'Test Item'!C:H,2,0),"") -> -0.1 | K45: =IF(I45<>"",VLOOKUP(I45,'Test Item'!C:H,3,0),"") -> 0.1 | L45: =IF(I45<>"",VLOOKUP(I45,'Test Item'!C:H,4,0),"") -> V
A46: IIH_LKG | B46: High-level input leakage current | C46: LDO3V3 or VDDIO=3.3V, apply 0V to 3.3V on each pin, configured as input | E46: 0 | F46: 1 | G46: µA | H46: Y | I46: IIH_VBUS_OUT_SNS_P0 | J46: =IF(I46<>"",VLOOKUP(I46,'Test Item'!C:H,2,0),"") -> -0.1 | K46: =IF(I46<>"",VLOOKUP(I46,'Test Item'!C:H,3,0),"") -> 0.1 | L46: =IF(I46<>"",VLOOKUP(I46,'Test Item'!C:H,4,0),"") -> uA
A47: IIL_LKG | B47: Low-level input leakage current | C47: LDO3V3 or VDDIO=3.3V, apply 0V on each pin, configured as input | E47: 0 | F47: 1 | G47: µA | H47: Y | I47: IIL_VBUS_OUT_SNS_P0 | J47: =IF(I47<>"",VLOOKUP(I47,'Test Item'!C:H,2,0),"") -> -0.1 | K47: =IF(I47<>"",VLOOKUP(I47,'Test Item'!C:H,3,0),"") -> 0.1 | L47: =IF(I47<>"",VLOOKUP(I47,'Test Item'!C:H,4,0),"") -> uA
A48: VBUS_P0 & VBUS_P1 Sink Mode | J48: =IF(I48<>"",VLOOKUP(I48,'Test Item'!C:H,2,0),"") | K48: =IF(I48<>"",VLOOKUP(I48,'Test Item'!C:H,3,0),"") | L48: =IF(I48<>"",VLOOKUP(I48,'Test Item'!C:H,4,0),"")
A49: VVBUS_UVLO | B49: VBUS_P0 & VBUS_P1 UVLO | C49: Rising | D49: 3.4 | E49: 3.6 | F49: 3.8 | G49: V | H49: Y | I49: VBUS_P0_UVLO_RISE | J49: =IF(I49<>"",VLOOKUP(I49,'Test Item'!C:H,2,0),"") -> 3.45 | K49: =IF(I49<>"",VLOOKUP(I49,'Test Item'!C:H,3,0),"") -> 3.75 | L49: =IF(I49<>"",VLOOKUP(I49,'Test Item'!C:H,4,0),"") -> V
A50: VVBUS_UVLO_HYS | B50: VBUS_P0 & VBUS_P1 UVLO Hysteresis | C50: Falling | E50: 250 | G50: mV | H50: Y | I50: VBUS_P0_UVLO_HYS | J50: =IF(I50<>"",VLOOKUP(I50,'Test Item'!C:H,2,0),"") -> 0.2 | K50: =IF(I50<>"",VLOOKUP(I50,'Test Item'!C:H,3,0),"") -> 0.3 | L50: =IF(I50<>"",VLOOKUP(I50,'Test Item'!C:H,4,0),"") -> V | O50: -0.035 | P50: 0.035
A51: VVBUS_OVP | B51: VBUS_P0 & VBUS_P1 OVP threshold | C51: Rising to set a corresponding interrupt, programmable over I2C, 31.6V default | D51: -0.035 | E51: 6 6.8 12 13.217.5 23 31 | F51: + | G51: V | H51: Y | I51: VBUS_P0_OV_23V | J51: =IF(I51<>"",VLOOKUP(I51,'Test Item'!C:H,2,0),"") -> 22.2 | K51: =IF(I51<>"",VLOOKUP(I51,'Test Item'!C:H,3,0),"") -> 23.78 | L51: =IF(I51<>"",VLOOKUP(I51,'Test Item'!C:H,4,0),"") -> V | M51: 测了23V和21.6V这两个档位。 | N51: 23 | O51: =N51*(1+O50) -> 22.195 | P51: =N51*(1+P50) -> 23.805
E52: 31.6 | F52: 0.035 | H52: Y | I52: VBUS_P0_OV_31P6V | J52: =IF(I52<>"",VLOOKUP(I52,'Test Item'!C:H,2,0),"") -> 30.5 | K52: =IF(I52<>"",VLOOKUP(I52,'Test Item'!C:H,3,0),"") -> 32.68 | L52: =IF(I52<>"",VLOOKUP(I52,'Test Item'!C:H,4,0),"") -> V | N52: 31.6 | O52: =N52*(1+O50) -> 30.494 | P52: =N52*(1+P50) -> 32.706
A53: VVBUS_OVP_HYS | B53: VBUS_P0 & VBUS_P1 OVP threshold Hysteresis | D53: 1 | E53: 2 | F53: 3 | G53: % | H53: Y | J53: =IF(I53<>"",VLOOKUP(I53,'Test Item'!C:H,2,0),"") | K53: =IF(I53<>"",VLOOKUP(I53,'Test Item'!C:H,3,0),"") | L53: =IF(I53<>"",VLOOKUP(I53,'Test Item'!C:H,4,0),"")
A54: VRCP_SNK | B54: RCP Trigger Level of Sink Mode to turn off SNK_CTL_P0/P1 | C54: (VVBUS_OUT_SNS_P0 – VVBUS_P0) or | D54: 4.5 | E54: 10 | F54: 20 | G54: mV | H54: Y | I54: RCP_SNK_VBUS_P0_5V | J54: =IF(I54<>"",VLOOKUP(I54,'Test Item'!C:H,2,0),"") -> 10 | K54: =IF(I54<>"",VLOOKUP(I54,'Test Item'!C:H,3,0),"") -> 20 | L54: =IF(I54<>"",VLOOKUP(I54,'Test Item'!C:H,4,0),"") -> mV
C55: (VVBUS_OUT_SNS_P1 – VVBUS_P1) | H55: Y | I55: RCP_SNK_VBUS_P1_5V | J55: =IF(I55<>"",VLOOKUP(I55,'Test Item'!C:H,2,0),"") -> 10 | K55: =IF(I55<>"",VLOOKUP(I55,'Test Item'!C:H,3,0),"") -> 20 | L55: =IF(I55<>"",VLOOKUP(I55,'Test Item'!C:H,4,0),"") -> mV
A56: VRCPS_SNK | B56: Severe RCP Trigger Level of Sink Mode to turn off SNK_CTL_P0/P1 | C56: (VVBUS_OUT_SNS_P0 – VVBUS_P0) or | D56: 30 | E56: 45 | F56: 60 | G56: mV | H56: Y | I56: RCPS_SNK_VBUS_P0_5V | J56: =IF(I56<>"",VLOOKUP(I56,'Test Item'!C:H,2,0),"") -> 35 | K56: =IF(I56<>"",VLOOKUP(I56,'Test Item'!C:H,3,0),"") -> 55 | L56: =IF(I56<>"",VLOOKUP(I56,'Test Item'!C:H,4,0),"") -> mV
C57: (VVBUS_OUT_SNS_P1 – VVBUS_P1) | H57: Y | I57: RCPS_SNK_VBUS_P1_5V | J57: =IF(I57<>"",VLOOKUP(I57,'Test Item'!C:H,2,0),"") -> 35 | K57: =IF(I57<>"",VLOOKUP(I57,'Test Item'!C:H,3,0),"") -> 55 | L57: =IF(I57<>"",VLOOKUP(I57,'Test Item'!C:H,4,0),"") -> mV
A58: ILK_VBUS_OFF | B58: VBUS_P0/P1 Leakage Current in Off State | C58: VBUS_P0/P1=5V-30V, VIN_3V3=3.3V, SNK_CTL_P0/P1=OFF, disable RVBUS_PD | E58: 80 | F58: 450 | G58: µA | H58: Y | I58: I_LKG_VBUS_P0_5V_OFF | J58: =IF(I58<>"",VLOOKUP(I58,'Test Item'!C:H,2,0),"") -> 60 | K58: =IF(I58<>"",VLOOKUP(I58,'Test Item'!C:H,3,0),"") -> 120 | L58: =IF(I58<>"",VLOOKUP(I58,'Test Item'!C:H,4,0),"") -> uA
A59: RVBUS_PD | B59: VBUS_P0/P1 discharge resistance | C59: VBUS_P0 or VBUS_P1=5V-30V, enable over I2C | E59: 300 | F59: 2500 | G59: Ω | H59: Y | I59: R_VBUS_P0_5V | J59: =IF(I59<>"",VLOOKUP(I59,'Test Item'!C:H,2,0),"") -> 250 | K59: =IF(I59<>"",VLOOKUP(I59,'Test Item'!C:H,3,0),"") -> 350 | L59: =IF(I59<>"",VLOOKUP(I59,'Test Item'!C:H,4,0),"") -> Ohm
A60: tDEB_VBUS(NOTE1) | B60: VBUS_P0/P1 debounce Time | C60: Re-enable the pin of SNK_CTL_P0 or SNK_CTL_P1 with a high or voltage output from OV release condition or at in initial power-up | D60: 13 | E60: 15 | F60: 17 | G60: ms | H60: GBD | J60: =IF(I60<>"",VLOOKUP(I60,'Test Item'!C:H,2,0),"") | K60: =IF(I60<>"",VLOOKUP(I60,'Test Item'!C:H,3,0),"") | L60: =IF(I60<>"",VLOOKUP(I60,'Test Item'!C:H,4,0),"")
A61: tRCPS_SNK(NOTE1) | B61: SNK_CTL_P0/P1 output OFF Time from severe RCP | C61: From Sink Severe RCP to SNK_CTL_P0/P1 output Off, VBUS_OUT_SNS_P0/P1 – (VBUS_P0 or VBUS_P1) = 55mV | E61: 1.3 | G61: µs | H61: GBD | J61: =IF(I61<>"",VLOOKUP(I61,'Test Item'!C:H,2,0),"") | K61: =IF(I61<>"",VLOOKUP(I61,'Test Item'!C:H,3,0),"") | L61: =IF(I61<>"",VLOOKUP(I61,'Test Item'!C:H,4,0),"") | N61: =IF(D61<>"",J61-D61,"") | O61: =IF(F61<>"",F61-K61,"")
A62: tRCP_SNK_DEG | B62: SNK_CTL_P0/P1 output OFF RCP Deglitch Time (NOTE1) | C62: Deglitch Time from RCP to SNK_CTL_P0/P1 output OFF | E62: 4 | G62: ms | H62: GBD | J62: =IF(I62<>"",VLOOKUP(I62,'Test Item'!C:H,2,0),"") | K62: =IF(I62<>"",VLOOKUP(I62,'Test Item'!C:H,3,0),"") | L62: =IF(I62<>"",VLOOKUP(I62,'Test Item'!C:H,4,0),"") | N62: =IF(D62<>"",J62-D62,"") | O62: =IF(F62<>"",F62-K62,"")
A63: tREC_RCP_SNK | B63: SNK_CTL_P0/P1 output recovery time from RCP(NOTE1) | C63: RCP/RCPS (severe RCP) recovery to enable SNK_CTL_P0/P1 output, CLOAD=100µF, RLOAD=10Ω, VVBUS_P0/P1=5V | E63: 15 | G63: ms | H63: GBD | J63: =IF(I63<>"",VLOOKUP(I63,'Test Item'!C:H,2,0),"") | K63: =IF(I63<>"",VLOOKUP(I63,'Test Item'!C:H,3,0),"") | L63: =IF(I63<>"",VLOOKUP(I63,'Test Item'!C:H,4,0),"") | N63: =IF(D63<>"",J63-D63,"") | O63: =IF(F63<>"",F63-K63,"")
A64: tOVP_RES(NOTE1) | B64: VBUS_P0/P1 OVP response delay time in both Sink and Source mode | C64: From VVBUS_P0/P1 ≥ VVBUS_OVP to the peak of the external FET output, RLOAD=10Ω, VVBUS Rise > 2V/µs | E64: 50 | F64: 100 | G64: ns | H64: GBD | J64: =IF(I64<>"",VLOOKUP(I64,'Test Item'!C:H,2,0),"") | K64: =IF(I64<>"",VLOOKUP(I64,'Test Item'!C:H,3,0),"") | L64: =IF(I64<>"",VLOOKUP(I64,'Test Item'!C:H,4,0),"")
A65: Source Mode (V5V to VBUS_P0 or VBUS_P1) | J65: =IF(I65<>"",VLOOKUP(I65,'Test Item'!C:H,2,0),"") | K65: =IF(I65<>"",VLOOKUP(I65,'Test Item'!C:H,3,0),"") | L65: =IF(I65<>"",VLOOKUP(I65,'Test Item'!C:H,4,0),"")
A66: RDS_ON_SRC | B66: Source Switch ON resistance between V5V and VBUS_P0 or VBUS_P1 | C66: VIN_3V3=3.3V, V5V=5V, ILOAD=100mA, diode mode is disabled, including bonding wire resistance | E66: 45 | F66: 60 | G66: mΩ | H66: Y | I66: RDS_ON_SRC_VBUS_P0 | J66: =IF(I66<>"",VLOOKUP(I66,'Test Item'!C:H,2,0),"") -> 25 | K66: =IF(I66<>"",VLOOKUP(I66,'Test Item'!C:H,3,0),"") -> 55 | L66: =IF(I66<>"",VLOOKUP(I66,'Test Item'!C:H,4,0),"") -> mOhm
A67: VV5V_UVLO | B67: V5V UVLO | C67: Rising | D67: 3.4 | E67: 3.6 | F67: 3.8 | G67: V | H67: Y | I67: V5V_UVLO_RISE | J67: =IF(I67<>"",VLOOKUP(I67,'Test Item'!C:H,2,0),"") -> 3.45 | K67: =IF(I67<>"",VLOOKUP(I67,'Test Item'!C:H,3,0),"") -> 3.75 | L67: =IF(I67<>"",VLOOKUP(I67,'Test Item'!C:H,4,0),"") -> V
A68: VV5V_UVLO_HYS | B68: V5V UVLO Hysteresis | E68: 250 | G68: mV | H68: Y | I68: V5V_UVLO_HYS | J68: =IF(I68<>"",VLOOKUP(I68,'Test Item'!C:H,2,0),"") -> 0.2 | K68: =IF(I68<>"",VLOOKUP(I68,'Test Item'!C:H,3,0),"") -> 0.3 | L68: =IF(I68<>"",VLOOKUP(I68,'Test Item'!C:H,4,0),"") -> V | N68: =IF(D68<>"",J68-D68,"") | O68: =IF(F68<>"",F68-K68,"")
A69: VV5V_REG | B69: VBUS regulation from V5V | C69: V5V – VBUS_P0/P1 at 10mA | E69: 10 | G69: mV | H69: Y | I69: V5V_REG_VBUS_P0 | J69: =IF(I69<>"",VLOOKUP(I69,'Test Item'!C:H,2,0),"") -> 6 | K69: =IF(I69<>"",VLOOKUP(I69,'Test Item'!C:H,3,0),"") -> 23.5 | L69: =IF(I69<>"",VLOOKUP(I69,'Test Item'!C:H,4,0),"") -> mV
A70: IOCP_SRC_RANGE | B70: Overcurrent threshold range | C70: SRC_OC_TH_P0/P1[3:0], 200mA steps | D70: 1000 | F70: 3600 | G70: mA | H70: Y | I70: SRC_LIN_P0_POST | J70: =IF(I70<>"",VLOOKUP(I70,'Test Item'!C:H,2,0),"") -> 1.05 | K70: =IF(I70<>"",VLOOKUP(I70,'Test Item'!C:H,3,0),"") -> 1.23 | L70: =IF(I70<>"",VLOOKUP(I70,'Test Item'!C:H,4,0),"") -> A | M70: 测的1.15A档，3A跟Bench Corr过
A71: IOCP_SRC | B71: Overcurrent threshold accuracy | C71: V5V=5V, TA = 25ºC | D71: 3.3 | E71: 13.3 | F71: 23.3 | G71: % | H71: Y | J71: =IF(I71<>"",VLOOKUP(I71,'Test Item'!C:H,2,0),"") | K71: =IF(I71<>"",VLOOKUP(I71,'Test Item'!C:H,3,0),"") | L71: =IF(I71<>"",VLOOKUP(I71,'Test Item'!C:H,4,0),"") | M71: Trim精度保障
C72: V5V=5V, TA = -40ºC ~ 85ºC | D72: 1 | E72: 13.3 | F72: 27 | G72: % | H72: Y | J72: =IF(I72<>"",VLOOKUP(I72,'Test Item'!C:H,2,0),"") | K72: =IF(I72<>"",VLOOKUP(I72,'Test Item'!C:H,3,0),"") | L72: =IF(I72<>"",VLOOKUP(I72,'Test Item'!C:H,4,0),"")
A73: VRCP_SRC | B73: RCP Trigger Level in Source Mode to turn off source switch | C73: VVBUS_P0/P1 - VV5V | D73: 4.5 | E73: 10 | F73: 20 | G73: mV | H73: Y | I73: RCP_SRC_VBUS_P0 | J73: =IF(I73<>"",VLOOKUP(I73,'Test Item'!C:H,2,0),"") -> 4.5 | K73: =IF(I73<>"",VLOOKUP(I73,'Test Item'!C:H,3,0),"") -> 18.5 | L73: =IF(I73<>"",VLOOKUP(I73,'Test Item'!C:H,4,0),"") -> mV
A74: VRCPS_SRC | B74: Severe RCP Trigger Level in Source Mode to turn off source switch | C74: VVBUS_P0/P1 - VV5V | D74: 30 | E74: 45 | F74: 69 | G74: mV | H74: Y | I74: RCPS_SRC_VBUS_P0 | J74: =IF(I74<>"",VLOOKUP(I74,'Test Item'!C:H,2,0),"") -> 32 | K74: =IF(I74<>"",VLOOKUP(I74,'Test Item'!C:H,3,0),"") -> 60 | L74: =IF(I74<>"",VLOOKUP(I74,'Test Item'!C:H,4,0),"") -> mV
A75: ILK_V5V_OFF | B75: V5V Off State Leakage Current | C75: V5V=5V, both source switches stay off | E75: 1 | F75: 8 | G75: µA | H75: Y | I75: ILK_V5V_OFF_PRE1 | J75: =IF(I75<>"",VLOOKUP(I75,'Test Item'!C:H,2,0),"") -> 1 | K75: =IF(I75<>"",VLOOKUP(I75,'Test Item'!C:H,3,0),"") -> 4 | L75: =IF(I75<>"",VLOOKUP(I75,'Test Item'!C:H,4,0),"") -> uA
A76: ISCP_SRC(NOTE1) | B76: Source Switch Short Circuit Protection threshold | C76: Programmable, 5A default | D76: -0.1 | E76: 5 6 | G76: A | H76: GBD | J76: =IF(I76<>"",VLOOKUP(I76,'Test Item'!C:H,2,0),"") | K76: =IF(I76<>"",VLOOKUP(I76,'Test Item'!C:H,3,0),"") | L76: =IF(I76<>"",VLOOKUP(I76,'Test Item'!C:H,4,0),"")
A77: tEN_SRC_DELAY(NOTE1) | B77: Source Switch Enable Time | C77: V5V ≥ VV5V_UVLO, time from SRC_EN_P0/P1=1b to VBUS_P0/P1 = 10% of VV5V at RLOAD = 100Ω | E77: 15 | G77: ms | H77: GBD | J77: =IF(I77<>"",VLOOKUP(I77,'Test Item'!C:H,2,0),"") | K77: =IF(I77<>"",VLOOKUP(I77,'Test Item'!C:H,3,0),"") | L77: =IF(I77<>"",VLOOKUP(I77,'Test Item'!C:H,4,0),"")
A78: tOCP_DEB(NOTE1) | B78: OCP debounce time to turn off a Source Switch | C78: Programmable, time from a programmed OCP threshold detected to turn off the source switch | E78: 10 20 40 80 | G78: ms | H78: GBD | J78: =IF(I78<>"",VLOOKUP(I78,'Test Item'!C:H,2,0),"") | K78: =IF(I78<>"",VLOOKUP(I78,'Test Item'!C:H,3,0),"") | L78: =IF(I78<>"",VLOOKUP(I78,'Test Item'!C:H,4,0),"")
A79: tR_SS_SRC(NOTE1) | B79: Source Switch soft start Rising Time by I2C enable bit=1b | C79: VVBUS_P0/P1 from 10% to 90% of VV5V at RLOAD=5Ω, VV5V=5V, CVBUS_P0=CVBUS_P1=10µF | E79: 1.5 | F79: 3 | G79: ms | H79: Y | I79: TR_SS_SRC_P0 | J79: =IF(I79<>"",VLOOKUP(I79,'Test Item'!C:H,2,0),"") -> 0.5 | K79: =IF(I79<>"",VLOOKUP(I79,'Test Item'!C:H,3,0),"") -> 2.9 | L79: =IF(I79<>"",VLOOKUP(I79,'Test Item'!C:H,4,0),"") -> mS
A80: tOFF_SRC(NOTE1) | B80: Source Switch OFF Time | C80: VV5V=5V, from FRS_EN_P0/P1 pin =L or enable bits=0b to VVBUS_P0/P1 = 90% of VV5V at RLOAD=10Ω | D80: 11 | E80: 15 | F80: 20 | G80: µs | H80: GBD | J80: =IF(I80<>"",VLOOKUP(I80,'Test Item'!C:H,2,0),"") | K80: =IF(I80<>"",VLOOKUP(I80,'Test Item'!C:H,3,0),"") | L80: =IF(I80<>"",VLOOKUP(I80,'Test Item'!C:H,4,0),"")
A81: tRCPS_SRC(NOTE1) | B81: Source Switch OFF Time from Severe RCP | C81: From SRC Severe RCP to Switch Off, VBUS_P0/1 – V5V = 55mV | E81: 3.2 | G81: µs | H81: GBD | J81: =IF(I81<>"",VLOOKUP(I81,'Test Item'!C:H,2,0),"") | K81: =IF(I81<>"",VLOOKUP(I81,'Test Item'!C:H,3,0),"") | L81: =IF(I81<>"",VLOOKUP(I81,'Test Item'!C:H,4,0),"")
A82: tRCP_SRC_DEG(NOTE1) | B82: Source Switch RCP Deglitch Time | C82: Deglitch Time from RCP to Switch OFF | E82: 4 | G82: ms | H82: GBD | J82: =IF(I82<>"",VLOOKUP(I82,'Test Item'!C:H,2,0),"") | K82: =IF(I82<>"",VLOOKUP(I82,'Test Item'!C:H,3,0),"") | L82: =IF(I82<>"",VLOOKUP(I82,'Test Item'!C:H,4,0),"")
A83: tSRC_FRS(NOTE1) | B83: Source Switch FRS Time | C83: VV5V=5V, from VRCPS_SRC to 95% VV5V on VBUS_P0/P1 at CLOAD=10µF, RLOAD=10Ω, FRS_EN_CFG_P0/P1=1b | E83: 15 | F83: 50 | G83: µs | H83: GBD | J83: =IF(I83<>"",VLOOKUP(I83,'Test Item'!C:H,2,0),"") | K83: =IF(I83<>"",VLOOKUP(I83,'Test Item'!C:H,3,0),"") | L83: =IF(I83<>"",VLOOKUP(I83,'Test Item'!C:H,4,0),"")
A84: CC1, CC2 SWITCH (CC1/2_P0/P1 to CC1/2_SYS_P0/P1) | J84: =IF(I84<>"",VLOOKUP(I84,'Test Item'!C:H,2,0),"") | K84: =IF(I84<>"",VLOOKUP(I84,'Test Item'!C:H,3,0),"") | L84: =IF(I84<>"",VLOOKUP(I84,'Test Item'!C:H,4,0),"")
A85: RON_CC | B85: CC Switch ON resistance | C85: VIN_3V3=3.3V, Bias voltage ≤ 3.0V & ILOAD=40mA, including bonding wire resistance | E85: 3.6 | F85: 7 | G85: Ω | H85: Y | I85: RDS_ON_CC1_P0 | J85: =IF(I85<>"",VLOOKUP(I85,'Test Item'!C:H,2,0),"") -> 1.5 | K85: =IF(I85<>"",VLOOKUP(I85,'Test Item'!C:H,3,0),"") -> 7 | L85: =IF(I85<>"",VLOOKUP(I85,'Test Item'!C:H,4,0),"") -> Ohm
A86: VCC_OVP | B86: CC1/2_P0/1 Over Voltage protection threshold in both VCONN and non VCONN mode (CC SW enabled) | C86: Programmable, rising to turn off both CC1 & CC2 switches at the same port in both CC SW=ON mode and VCONN SW enabled and turn on the RCC_DIS | D86: 5.845.65 | E86: 6 | F86: 6.21 | G86: V | H86: Y | I86: CC1_P0_R_6V | J86: =IF(I86<>"",VLOOKUP(I86,'Test Item'!C:H,2,0),"") -> 5.86 | K86: =IF(I86<>"",VLOOKUP(I86,'Test Item'!C:H,3,0),"") -> 6.19 | L86: =IF(I86<>"",VLOOKUP(I86,'Test Item'!C:H,4,0),"") -> V
E87: 5.8 | F87: 6 | H87: Y | I87: CC1_P0_R_5P8V | J87: =IF(I87<>"",VLOOKUP(I87,'Test Item'!C:H,2,0),"") -> 5.67 | K87: =IF(I87<>"",VLOOKUP(I87,'Test Item'!C:H,3,0),"") -> 5.98 | L87: =IF(I87<>"",VLOOKUP(I87,'Test Item'!C:H,4,0),"") -> V
A88: VCC_OVP_HYS | B88: CC1/2_P0/1 Over Voltage protection threshold hysteresis | C88: Falling to re-enable the CC switch in auto-recovery mode enabled | E88: 250 | G88: mV | H88: Y | I88: CC1_P0_HYS_6V | J88: =IF(I88<>"",VLOOKUP(I88,'Test Item'!C:H,2,0),"") -> 0.1 | K88: =IF(I88<>"",VLOOKUP(I88,'Test Item'!C:H,3,0),"") -> 0.5 | L88: =IF(I88<>"",VLOOKUP(I88,'Test Item'!C:H,4,0),"") -> V
A89: tCC_OVP(NOTE1) | B89: CC1/2_P0/1 OVP Switch Off Time | C89: OVP trip to turn off CC switch (> 2V/µs slope) | E89: 30 | F89: 100 | G89: ns | H89: GBD | J89: =IF(I89<>"",VLOOKUP(I89,'Test Item'!C:H,2,0),"") | K89: =IF(I89<>"",VLOOKUP(I89,'Test Item'!C:H,3,0),"") | L89: =IF(I89<>"",VLOOKUP(I89,'Test Item'!C:H,4,0),"")
A90: tCC_OVP_REC(NOTE1) | B90: OVP Falling Auto-Recovery Time | C90: Delay time from VCC_OVP_HYS detected to re-enable CC switch in being enabled | E90: 1 | G90: ms | H90: GBD | J90: =IF(I90<>"",VLOOKUP(I90,'Test Item'!C:H,2,0),"") | K90: =IF(I90<>"",VLOOKUP(I90,'Test Item'!C:H,3,0),"") | L90: =IF(I90<>"",VLOOKUP(I90,'Test Item'!C:H,4,0),"")
A91: BWCC(NOTE1) | B91: 3dB Bandwidth | C91: Single ended, 50Ω termination, VSIG = 0.1V to 1.2V | E91: 100 | G91: MHz | H91: GBD | J91: =IF(I91<>"",VLOOKUP(I91,'Test Item'!C:H,2,0),"") | K91: =IF(I91<>"",VLOOKUP(I91,'Test Item'!C:H,3,0),"") | L91: =IF(I91<>"",VLOOKUP(I91,'Test Item'!C:H,4,0),"")
A92: ICC_LEAK | B92: CC pin leakage current in Rd_DB disabled | C92: VVIN_3V3=3.3V, VCC1/2_P0/1=3.6V, CC1/2_SYS_P0/1 pin is float | E92: 4 | F92: 10 | G92: µA | H92: Y | I92: LKG_CC1_P0 | J92: =IF(I92<>"",VLOOKUP(I92,'Test Item'!C:H,2,0),"") -> 1 | K92: =IF(I92<>"",VLOOKUP(I92,'Test Item'!C:H,3,0),"") -> 8 | L92: =IF(I92<>"",VLOOKUP(I92,'Test Item'!C:H,4,0),"") -> uA
A93: Rd_DB | B93: Rd of CC1/2_P0/1 pin at dead battery condition | C93: VCC1/2_P0/1 > 1.5V & VVIN_3V3 < VVIN_3V3_UVLO | D93: 4.1 | E93: 5.1 | F93: 6.1 | G93: kΩ | H93: Y | I93: RPD1_P0_RD_ON | J93: =IF(I93<>"",VLOOKUP(I93,'Test Item'!C:H,2,0),"") -> 4.4 | K93: =IF(I93<>"",VLOOKUP(I93,'Test Item'!C:H,3,0),"") -> 5.8 | L93: =IF(I93<>"",VLOOKUP(I93,'Test Item'!C:H,4,0),"") -> kOhm
A94: RCC_DIS | B94: Discharge Resistor | C94: On CC1/2_SYS_P0/1 pin during OVP | E94: 40 | G94: Ω | H94: Y | I94: R_DIS_CC1_SYS_P0 | J94: =IF(I94<>"",VLOOKUP(I94,'Test Item'!C:H,2,0),"") -> 35 | K94: =IF(I94<>"",VLOOKUP(I94,'Test Item'!C:H,3,0),"") -> 55 | L94: =IF(I94<>"",VLOOKUP(I94,'Test Item'!C:H,4,0),"") -> Ohm | N94: =IF(D94<>"",J94-D94,"") | O94: =IF(F94<>"",F94-K94,"")
A95: VCONN SWITCH (V5V to CC1/2_P0/P1) | J95: =IF(I95<>"",VLOOKUP(I95,'Test Item'!C:H,2,0),"") | K95: =IF(I95<>"",VLOOKUP(I95,'Test Item'!C:H,3,0),"") | L95: =IF(I95<>"",VLOOKUP(I95,'Test Item'!C:H,4,0),"") | N95: =IF(D95<>"",J95-D95,"") | O95: =IF(F95<>"",F95-K95,"")
A96: RON_VCONN | B96: VCONN Switch RDS_ON | C96: VVIN_3V3=3.3V, IVCONN=100mA, including bonding wire resistance | E96: 0.55 | F96: 0.85 | G96: Ω | H96: Y | I96: RDS_ON_VCONN1_P0 | J96: =IF(I96<>"",VLOOKUP(I96,'Test Item'!C:H,2,0),"") -> 0.35 | K96: =IF(I96<>"",VLOOKUP(I96,'Test Item'!C:H,3,0),"") -> 0.75 | L96: =IF(I96<>"",VLOOKUP(I96,'Test Item'!C:H,4,0),"") -> Ohm
A97: IOCP_VCONN | B97: Over-Current Clamping threshold | C97: Programmable over I2C | E97: 0.4 0.7 0.8 | G97: A | H97: Y | I97: VCN1_LIN_P0_POST | J97: =IF(I97<>"",VLOOKUP(I97,'Test Item'!C:H,2,0),"") -> 410 | K97: =IF(I97<>"",VLOOKUP(I97,'Test Item'!C:H,3,0),"") -> 470 | L97: =IF(I97<>"",VLOOKUP(I97,'Test Item'!C:H,4,0),"") -> mA | M97: Trim了440mA档位
A98: IOCP_VCONN_ACC | B98: Over current limit accuracy | C98: (V5V – CC1/2_P0/1) ≤ 1.5V | D98: 0 | E98: 10 | F98: 20 | G98: % | H98: Y | J98: =IF(I98<>"",VLOOKUP(I98,'Test Item'!C:H,2,0),"") | K98: =IF(I98<>"",VLOOKUP(I98,'Test Item'!C:H,3,0),"") | L98: =IF(I98<>"",VLOOKUP(I98,'Test Item'!C:H,4,0),"") | M98: Trim精度保障
A99: tOCP_VCONN_DEG | B99: VCONN OCP Deglitch Time | C99: Deglitch time to OCP_VCONN_I Interrupt | E99: 8 | G99: ms | H99: GBD | J99: =IF(I99<>"",VLOOKUP(I99,'Test Item'!C:H,2,0),"") | K99: =IF(I99<>"",VLOOKUP(I99,'Test Item'!C:H,3,0),"") | L99: =IF(I99<>"",VLOOKUP(I99,'Test Item'!C:H,4,0),"")
A100: tCC_OVP_VCONN(NOTE1) | B100: VCONN SW OFF delay time in VCONN OVP | C100: OVP trip to turn off VCONN Switch Off (> 2V/µs slope) | E100: 30 | F100: 100 | G100: ns | H100: GBD | J100: =IF(I100<>"",VLOOKUP(I100,'Test Item'!C:H,2,0),"") | K100: =IF(I100<>"",VLOOKUP(I100,'Test Item'!C:H,3,0),"") | L100: =IF(I100<>"",VLOOKUP(I100,'Test Item'!C:H,4,0),"")
...

Sheet Test Item
A2: Halo Microelectronics Co., Ltd. HL-TE-B10-R02 V05
A3: HL5083A-BD ATE Test Item
A4: 测试程序名称 (ATE test program) | D4: 测试程序释放产线时间 (YY/MM/DD of ATE program released)
A5: HL5083CP00_204KM_A00_V06 | D5: 46139
A6: Test NO. | B6: Sub item | C6: Test Name | D6: Lo | E6: Hi | F6: Unit | G6: LSB | H6: HSB
A7: 1 | B7: 1 | C7: SITE_CK | D7: 0.9 | E7: 1.1 | F7: DB | G7: 5 | H7: 5
A8: =IF(B8=1, MAX(A7:A$7)+1, A7) -> 1 | B8: 2 | C8: BD_CK | D8: 1 | E8: 8 | F8: DB | G8: 5 | H8: 5
A9: =IF(B8=1, MAX(A$7:A8)+1, A8) -> 1 | B9: 3 | C9: PARTNAME | D9: 5083 | E9: 5083 | F9: DB | G9: 5 | H9: 5
A10: =IF(B9=1, MAX(A$7:A9)+1, A9) -> 1 | B10: 4 | C10: DIE_VERSION | D10: 203 | E10: 203 | F10: DB | G10: 5 | H10: 5
A11: =IF(B10=1, MAX(A$7:A10)+1, A10) -> 1 | B11: 5 | C11: SCAN_LOAD | D11: 0 | E11: 0 | F11: DB | G11: 5 | H11: 5
A12: =IF(B11=1, MAX(A$7:A11)+1, A11) -> 1 | B12: 1 | C12: OS_SHORT | D12: 0 | E12: 0 | F12: DB | G12: 6 | H12: 6
A13: =IF(B12=1, MAX(A$7:A12)+1, A12) -> 2 | B13: 2 | C13: OS_SOME_OPEN | D13: 0 | E13: 0 | F13: DB | G13: 5 | H13: 5
A14: =IF(B13=1, MAX(A$7:A13)+1, A13) -> 2 | B14: 3 | C14: OS_ALL_OPEN | D14: 0 | E14: 0 | F14: DB | G14: 5 | H14: 5
A15: =IF(B14=1, MAX(A$7:A14)+1, A14) -> 2 | B15: 4 | C15: OS_VBUS_P0 | D15: -0.676 | E15: -0.476 | F15: V | G15: 5 | H15: 5
A16: =IF(B15=1, MAX(A$7:A15)+1, A15) -> 2 | B16: 5 | C16: OS_CC1_P0 | D16: -0.722 | E16: -0.522 | F16: V | G16: 5 | H16: 5
A17: =IF(B16=1, MAX(A$7:A16)+1, A16) -> 2 | B17: 6 | C17: OS_CC2_P0 | D17: -0.722 | E17: -0.522 | F17: V | G17: 5 | H17: 5
A18: =IF(B17=1, MAX(A$7:A17)+1, A17) -> 2 | B18: 7 | C18: OS_SBU1_P0 | D18: -0.723 | E18: -0.523 | F18: V | G18: 5 | H18: 5
A19: =IF(B18=1, MAX(A$7:A18)+1, A18) -> 2 | B19: 8 | C19: OS_SBU2_P0 | D19: -0.723 | E19: -0.523 | F19: V | G19: 5 | H19: 5
A20: =IF(B19=1, MAX(A$7:A19)+1, A19) -> 2 | B20: 9 | C20: OS_SBU_OVP_P0 | D20: -0.726 | E20: -0.526 | F20: V | G20: 5 | H20: 5
... A260: =IF(B259=1, MAX(A$7:A259)+1, A259) -> 4 | B260: 156 | C260: AMR_DELTA_INTB | D260: -5 | E260: 5 | F260: uA | G260: 10 | H260: 10
A261: =IF(B260=1, MAX(A$7:A260)+1, A260) -> 4 | B261: 157 | C261: AMR_DELTA_LDO3V3 | F261: uA | G261: 10 | H261: 10
A262: =IF(B261=1, MAX(A$7:A261)+1, A261) -> 4 | B262: 158 | C262: AMR_DELTA_VIN_3V3 | D262: -3 | E262: 3 | F262: uA | G262: 10 | H262: 10
A263: =IF(B262=1, MAX(A$7:A262)+1, A262) -> 4 | B263: 159 | C263: AMR_DELTA_VDDIO | D263: -1 | E263: 1 | F263: uA | G263: 10 | H263: 10
A264: =IF(B263=1, MAX(A$7:A263)+1, A263) -> 4 | B264: 160 | C264: AMR_DELTA_PA_20V5A_OFF | D264: -1 | E264: 1 | F264: uA | G264: 10 | H264: 10
A265: =IF(B264=1, MAX(A$7:A264)+1, A264) -> 4 | B265: 161 | C265: AMR_DELTA_PB_20V5A_OFF | D265: -1 | E265: 1 | F265: uA | G265: 10 | H265: 10
A266: =IF(B265=1, MAX(A$7:A265)+1, A265) -> 4 | B266: 162 | C266: AMR_DELTA_VBUS_DIV_P0 | D266: -3 | E266: 3 | F266: uA | G266: 10 | H266: 10
A267: =IF(B266=1, MAX(A$7:A266)+1, A266) -> 4 | B267: 163 | C267: AMR_DELTA_VBUS_DIV_P1 | D267: -3 | E267: 3 | F267: uA | G267: 10 | H267: 10
A268: =IF(B267=1, MAX(A$7:A267)+1, A267) -> 4 | B268: 164 | C268: AMR_DELTA_SRC_CUR_P0 | D268: -1 | E268: 1 | F268: uA | G268: 10 | H268: 10
A269: =IF(B268=1, MAX(A$7:A268)+1, A268) -> 4 | B269: 165 | C269: AMR_DELTA_SRC_CUR_P1 | D269: -1 | E269: 1 | F269: uA | G269: 10 | H269: 10
A270: =IF(B269=1, MAX(A$7:A269)+1, A269) -> 4 | B270: 166 | C270: AMR_DELTA_SBU_OVP_P1 | D270: -1 | E270: 1 | F270: uA | G270: 10 | H270: 10
A271: =IF(B270=1, MAX(A$7:A270)+1, A270) -> 4 | B271: 167 | C271: AMR_DELTA_SBU_OVP_P0 | D271: -1 | E271: 1 | F271: uA | G271: 10 | H271: 10
A272: =IF(B271=1, MAX(A$7:A271)+1, A271) -> 4 | B272: 168 | C272: AMR_DELTA_V5V_DIV | D272: -40 | E272: 40 | F272: uA | G272: 10 | H272: 10
A273: =IF(B272=1, MAX(A$7:A272)+1, A272) -> 4 | B273: 169 | C273: AMR_PRE_SNK_CTL_P0 | D273: 6 | E273: 22 | F273: uA | G273: 10 | H273: 10
... A752: =IF(B751=1, MAX(A$7:A751)+1, A751) -> 44 | B752: 72 | C752: AMR_DELTA2_INTB | D752: -5 | E752: 5 | F752: uA | G752: 31 | H752: 31
A753: =IF(B752=1, MAX(A$7:A752)+1, A752) -> 44 | B753: 73 | C753: AMR_DELTA2_LDO3V3 | F753: uA | G753: 31 | H753: 31
A754: =IF(B753=1, MAX(A$7:A753)+1, A753) -> 44 | B754: 74 | C754: AMR_DELTA2_VIN_3V3 | D754: -100 | E754: 100 | F754: uA | G754: 31 | H754: 31
A755: =IF(B754=1, MAX(A$7:A754)+1, A754) -> 44 | B755: 75 | C755: AMR_DELTA2_VDDIO | D755: -1 | E755: 1 | F755: uA | G755: 31 | H755: 31
A756: =IF(B755=1, MAX(A$7:A755)+1, A755) -> 44 | B756: 76 | C756: AMR_DELTA2_PA_20V5A_OFF | D756: -1 | E756: 1 | F756: uA | G756: 31 | H756: 31
A757: =IF(B756=1, MAX(A$7:A756)+1, A756) -> 44 | B757: 77 | C757: AMR_DELTA2_PB_20V5A_OFF | D757: -1 | E757: 1 | F757: uA | G757: 31 | H757: 31
A758: =IF(B757=1, MAX(A$7:A757)+1, A757) -> 44 | B758: 78 | C758: AMR_DELTA2_VBUS_DIV_P0 | D758: -3 | E758: 3 | F758: uA | G758: 31 | H758: 31
A759: =IF(B758=1, MAX(A$7:A758)+1, A758) -> 44 | B759: 79 | C759: AMR_DELTA2_VBUS_DIV_P1 | D759: -3 | E759: 3 | F759: uA | G759: 31 | H759: 31
A760: =IF(B759=1, MAX(A$7:A759)+1, A759) -> 44 | B760: 80 | C760: AMR_DELTA2_SRC_CUR_P0 | D760: -1 | E760: 1 | F760: uA | G760: 31 | H760: 31
A761: =IF(B760=1, MAX(A$7:A760)+1, A760) -> 44 | B761: 81 | C761: AMR_DELTA2_SRC_CUR_P1 | D761: -1 | E761: 1 | F761: uA | G761: 31 | H761: 31
A762: =IF(B761=1, MAX(A$7:A761)+1, A761) -> 44 | B762: 82 | C762: AMR_DELTA2_SBU_OVP_P1 | D762: -1 | E762: 2 | F762: uA | G762: 31 | H762: 31
A763: =IF(B762=1, MAX(A$7:A762)+1, A762) -> 44 | B763: 83 | C763: AMR_DELTA2_SBU_OVP_P0 | D763: -1 | E763: 2 | F763: uA | G763: 31 | H763: 31
A764: =IF(B763=1, MAX(A$7:A763)+1, A763) -> 44 | B764: 84 | C764: AMR_DELTA2_V5V_DIV | D764: -20 | E764: 20 | F764: uA | G764: 31 | H764: 31
A765: =IF(B764=1, MAX(A$7:A764)+1, A764) -> 44 | B765: 85 | C765: AMR_PST2_SNK_CTL_P0 | D765: 5 | E765: 18 | F765: uA | G765: 31 | H765: 31
... A1105: =IF(B1104=1, MAX(A$7:A1104)+1, A1104) -> 61 | B1105: 72 | C1105: AMR_DELTA2_INTB4 | D1105: -6 | E1105: 6 | F1105: uA | G1105: 4 | H1105: 4
A1106: =IF(B1105=1, MAX(A$7:A1105)+1, A1105) -> 61 | B1106: 73 | C1106: AMR_DELTA2_LDO3V4 | F1106: uA | G1106: 4 | H1106: 4
A1107: =IF(B1106=1, MAX(A$7:A1106)+1, A1106) -> 61 | B1107: 74 | C1107: AMR_DELTA2_VIN_3V4 | D1107: -70 | E1107: 70 | F1107: uA | G1107: 4 | H1107: 4
A1108: =IF(B1107=1, MAX(A$7:A1107)+1, A1107) -> 61 | B1108: 75 | C1108: AMR_DELTA2_VDDIO5 | D1108: -2 | E1108: 2 | F1108: uA | G1108: 4 | H1108: 4
A1109: =IF(B1108=1, MAX(A$7:A1108)+1, A1108) -> 61 | B1109: 76 | C1109: AMR_DELTA2_PA_20V5A_OFF6 | D1109: -2 | E1109: 2 | F1109: uA | G1109: 4 | H1109: 4
A1110: =IF(B1109=1, MAX(A$7:A1109)+1, A1109) -> 61 | B1110: 77 | C1110: AMR_DELTA2_PB_20V5A_OFF7 | D1110: -2 | E1110: 2 | F1110: uA | G1110: 4 | H1110: 4
A1111: =IF(B1110=1, MAX(A$7:A1110)+1, A1110) -> 61 | B1111: 78 | C1111: AMR_DELTA2_VBUS_DIV_P2 | D1111: -4 | E1111: 4 | F1111: uA | G1111: 4 | H1111: 4
A1112: =IF(B1111=1, MAX(A$7:A1111)+1, A1111) -> 61 | B1112: 79 | C1112: AMR_DELTA2_VBUS_DIV_P3 | D1112: -4 | E1112: 4 | F1112: uA | G1112: 4 | H1112: 4
A1113: =IF(B1112=1, MAX(A$7:A1112)+1, A1112) -> 61 | B1113: 80 | C1113: AMR_DELTA2_SRC_CUR_P2 | D1113: -2 | E1113: 2 | F1113: uA | G1113: 4 | H1113: 4
A1114: =IF(B1113=1, MAX(A$7:A1113)+1, A1113) -> 61 | B1114: 81 | C1114: AMR_DELTA2_SRC_CUR_P3 | D1114: -2 | E1114: 2 | F1114: uA | G1114: 4 | H1114: 4
A1115: =IF(B1114=1, MAX(A$7:A1114)+1, A1114) -> 61 | B1115: 82 | C1115: AMR_DELTA2_SBU_OVP_P2 | D1115: -2 | E1115: 3 | F1115: uA | G1115: 4 | H1115: 4
A1116: =IF(B1115=1, MAX(A$7:A1115)+1, A1115) -> 61 | B1116: 83 | C1116: AMR_DELTA2_SBU_OVP_P3 | D1116: -2 | E1116: 3 | F1116: uA | G1116: 4 | H1116: 4
A1117: =IF(B1116=1, MAX(A$7:A1116)+1, A1116) -> 61 | B1117: 84 | C1117: AMR_DELTA2_V5V_DIV4 | D1117: -20 | E1117: 20 | F1117: uA | G1117: 4 | H1117: 4
A1118: =IF(B1117=1, MAX(A$7:A1117)+1, A1117) -> 61 | B1118: 85 | C1118: AMR_PST2_SNK_CTL_P2 | D1118: 5 | E1118: 18 | F1118: uA | G1118: 4 | H1118: 4
... A1214: =IF(B1213=1, MAX(A$7:A1213)+1, A1213) -> 63 | B1214: 48 | C1214: OS_RPD2_P1_PST48 | D1214: -0.741 | E1214: -0.541 | F1214: V | G1214: 4 | H1214: 4

Sheet Bin Information
A2: Halo Microelectronics Co., Ltd. HL-TE-B10-R02 V05
A3: HL5083A-BD ATE Test Item
A4: SW Bin | B4: HW Bin | C4: P/F/A | D4: Description | E4: SBL Control
A5: 1 | B5: 1 | C5: P | D5: Pass_Default
A6: 2 | B6: 2 | C6: P | D6: PASS_DPAT
A7: 3 | B7: 3 | C7: F | D7: DPAT_FAIL
A8: 4 | B8: 4 | C8: F | D8: QA_FAIL
A9: 5 | B9: 5 | C9: F | D9: OS_OPEN
A10: 6 | B10: 6 | C10: F | D10: OS_SHORT
A11: 7 | B11: 7 | C11: F | D11: P2P_VBUS_P0_AllFail
A12: 8 | B12: 8 | C12: F | D12: OTP_INIT
A13: 9 | B13: 9 | C13: F | D13: REG_55AA
A14: 10 | B14: 10 | C14: F | D14: AMR_PRE_LKG
A15: 11 | B15: 11 | C15: F | D15: AMR_LKG
A16: 12 | B16: 12 | C16: F | D16: TRIM_VBG_IREF_OSC_LDO
... A34: 33 | B34: 33 | C34: F | D34: POST_OS
